mysql> select * from Customer;
+-----+--------+-------------+
| cid | Name   | designation |
+-----+--------+-------------+
|   1 | Rohan  | Engineer    |
|   2 | Raj    | Tester      |
|   3 | Roohit | Analyst     |
|   4 | Nandan | HR          |
+-----+--------+-------------+
4 rows in set (0.00 sec)

mysql> select * from orders;
+-----+--------+------+
| oid | amount | cid  |
+-----+--------+------+
| 601 | 10000  |    1 |
| 602 | 20000  |    4 |
| 603 | 15000  |    2 |
+-----+--------+------+
3 rows in set (0.00 sec)

mysql> select * from orders inner join Customer where orders.cid = Customer.cid;
+-----+--------+------+-----+--------+-------------+
| oid | amount | cid  | cid | Name   | designation |
+-----+--------+------+-----+--------+-------------+
| 601 | 10000  |    1 |   1 | Rohan  | Engineer    |
| 602 | 20000  |    4 |   4 | Nandan | HR          |
| 603 | 15000  |    2 |   2 | Raj    | Tester      |
+-----+--------+------+-----+--------+-------------+
3 rows in set (0.00 sec)

mysql> select * from orders left join Customer on orders.cid = Customer.cid;
+-----+--------+------+------+--------+-------------+
| oid | amount | cid  | cid  | Name   | designation |
+-----+--------+------+------+--------+-------------+
| 601 | 10000  |    1 |    1 | Rohan  | Engineer    |
| 602 | 20000  |    4 |    4 | Nandan | HR          |
| 603 | 15000  |    2 |    2 | Raj    | Tester      |
+-----+--------+------+------+--------+-------------+
3 rows in set (0.00 sec)

mysql> select * from orders right join Customer on orders.cid = Customer.cid;
+------+--------+------+-----+--------+-------------+
| oid  | amount | cid  | cid | Name   | designation |
+------+--------+------+-----+--------+-------------+
|  601 | 10000  |    1 |   1 | Rohan  | Engineer    |
|  602 | 20000  |    4 |   4 | Nandan | HR          |
|  603 | 15000  |    2 |   2 | Raj    | Tester      |
| NULL | NULL   | NULL |   3 | Roohit | Analyst     |
+------+--------+------+-----+--------+-------------+
4 rows in set (0.00 sec)

mysql> select * from orders left join Customer on orders.cid = Customer.cid union select * from orders right join Customer on orders.cid = Customer.cid ;
+------+--------+------+------+--------+-------------+
| oid  | amount | cid  | cid  | Name   | designation |
+------+--------+------+------+--------+-------------+
|  601 | 10000  |    1 |    1 | Rohan  | Engineer    |
|  602 | 20000  |    4 |    4 | Nandan | HR          |
|  603 | 15000  |    2 |    2 | Raj    | Tester      |
| NULL | NULL   | NULL |    3 | Roohit | Analyst     |
+------+--------+------+------+--------+-------------+
4 rows in set (0.00 sec)

